<?xml version="1.0" encoding="UTF-8" standalone="yes"?>
<addon id="script.module.metahandler" name="metautils" version="0.0.7" provider-name="Eldorado (inspired by anarchintosh, westcoast, daledude, t0mm0)">
  <requires>
    <import addon="xbmc.python" version="2.0" />
    <import addon="script.module.elementtree"/>
    <import addon="script.module.t0mm0.common" version="0.0.1"/>
  </requires>
  <extension point="xbmc.python.module" library="lib" />
  <extension point="xbmc.addon.metadata">
    <platform>all</platform>
  </extension>
</addon>
